{"timings": {"  1.637014": [0.043439, 0.155942], "  1.053051": [0.04019, 0.1247], "  4.648940": [0.114341], " 10.275784": [0.082919, 0.163424, 0.83353], " 21.413736": [0.152256], "  0.849881": [0.157433], " 12.774837": [0.120078], " 19.900634": [0.073935, 0.173604], " 19.086652": [0.032663, 0.117161], " 23.099656": [0.032947, 0.114382], " 22.712634": [0.069336, 0.156492], "  5.261916": [0.038546, 0.139379], " 13.462647": [0.036733, 0.121498], " 23.274504": [0.037076, 0.121803, 0.857859], "  9.412639": [0.034932, 0.117342], " 14.163151": [0.043461, 0.125965, 0.659278], "  8.088816": [0.148138], " 13.137745": [0.038604, 0.123527], "  5.598910": [0.043116, 0.130366], " 18.837700": [0.178193], "  8.950872": [0.072352, 0.159642]}, "title": "nvim-cmp"}