{"timings": {"  7.700129": [0.024436, 0.067348], " 16.787886": [0.027136, 0.082594], " 13.946321": [0.023697, 0.123746], "  3.224205": [0.244393], " 10.705452": [0.024202, 0.122323], " 13.687945": [0.224613], "  6.562090": [0.030234, 0.091774], "  3.507591": [0.023729, 0.122583], "  7.212946": [0.02433, 0.072891], " 17.704731": [0.025593, 0.071717], "  9.638073": [0.202516], " 16.200092": [0.119093], "  6.726466": [0.024485, 0.0732], "  5.999181": [0.113323], " 10.501079": [0.062852, 0.164805], " 17.612980": [0.027985, 0.077849], "  0.938099": [0.051127, 0.192565]}, "title": "coc.nvim"}